Name,Company,Compatible Platforms,App Store Links,Price,Genre,Description,Reviews
WhatsApp,"Meta Platforms, Inc.","iOS, Android, MacOS, Windows, Web",https://www.whatsapp.com/download?lang=en,$0 ,Messaging,"A messaging app for sending texts, media, and making voice/video calls.",uefbfbejbjsbj
Facebook,"Meta Platforms, Inc.","iOS, Android, Web",https://play.google.com/store/apps/details?id=com.facebook.katana&hl=en_US,$0 ,Social Media,"A platform for sharing posts, videos, and connecting with friends.",
Instagram,"Meta Platforms, Inc.","iOS, Android, Web, iPadOS",https://play.google.com/store/apps/details?id=com.instagram.android&hl=en_US,$0 ,Social Media,"A photo and video sharing app with stories, reels, and messaging.",
Tiktok,TikTok Pte. Ltd.,"iOS, Android, Web",https://play.google.com/store/apps/details?id=com.zhiliaoapp.musically&hl=en_US,$0 ,Social Media,A platform for watching and creating short-form videos with music and effects.,
Spotify,Spotify,"iOS, Android, MacOS, Windows, Web",https://play.google.com/store/apps/details?id=com.spotify.music&hl=en_US,$0 ,Music,A music streaming service offering millions of songs and podcasts.,
Gmail,Google,"iOS, Android, Web",https://play.google.com/store/apps/details?id=com.google.android.gm&hl=en_US,$0 ,Email,Googleâ€™s email app with inbox organization and cloud syncing.,
Google Maps,Google,"iOS, Android, Web",https://play.google.com/store/apps/details?id=com.google.android.apps.maps&hl=en_US,$0 ,Navigation,"A GPS mapping app with directions, traffic updates, and local search.",
Youtube,Google,"iOS, Android, Web",https://play.google.com/store/apps/details?id=com.google.android.youtube&hl=en_US,$0 ,Video Streaming,"A video platform for streaming, uploading, and subscribing to content.",
Procreate,Savage Interactive,"iOS, iPadOS",https://procreate.com/,$12.99 ,Digital Art,A professional drawing and illustration app with advanced tools.,
Things 3,Cultured Code,"iOS, iPadOS, MacOS",https://apps.apple.com/us/app/things-3/id904280696?mt=12,$0 ,Task Manager,A task manager for planning projects and organizing daily to-dos.,
Adobe Fresco,Adobe,"iOS, iPadOS, Windows",https://www.adobe.com/products/fresco.html,$0 ,Digital Art,A drawing and painting app with realistic brushes and vector tools.,
Qlone,EyeCue Vision Technologies Ltd,"iOS, iPadOS, MacOS, Windows, Web",https://www.qlone.pro/,$0 ,3D Scanning,A 3D scanning app that creates models from real objects using AR.,
OmniFocus,The Omni Group,"iOS, IPadOS, MacOs, Web",https://www.omnigroup.com/omnifocus/,$75 ,Task Manager,A powerful task manager based on the GTD productivity method.,
bwhfbehfbej,jefuewjnf,jnjnbwjd,jbdvjdb v,nv bjbjd,v bv,jjev,23654.jpeg
